[
  {
    "country_id": 1,
    "country_name": "Afghanistan",
    "iso_country_code": "AF",
    "currency": "Afghani",
    "currency_code": "AFN",
    "is_active": true,
    "created_by": 1,
    "created_date": "2022-09-15",
    "modified_by": 0,
    "modified_date": ""
  },
  {
    "country_id": 2,
    "country_name": "Albania",
    "iso_country_code": "AL",
    "currency": "Lek",
    "currency_code": "ALL",
    "is_active": true,
    "created_by": 1,
    "created_date": "2022-09-15",
    "modified_by": 0,
    "modified_date": ""
  },
  {
    "country_id": 3,
    "country_name": "Algeria",
    "iso_country_code": "DZ",
    "currency": "Algerian Dinar",
    "currency_code": "DZD",
    "is_active": true,
    "created_by": 1,
    "created_date": "2022-09-15",
    "modified_by": 0,
    "modified_date": ""
  },
  {
    "country_id": 4,
    "country_name": "American Samoa",
    "iso_country_code": "AS",
    "currency": "US Dollar",
    "currency_code": "USD",
    "is_active": true,
    "created_by": 1,
    "created_date": "2022-09-15",
    "modified_by": 0,
    "modified_date": ""
  },
  {
    "country_id": 5,
    "country_name": "Andorra",
    "iso_country_code": "AD",
    "currency": "Euro",
    "currency_code": "EUR",
    "is_active": true,
    "created_by": 1,
    "created_date": "2022-09-15",
    "modified_by": 0,
    "modified_date": ""
  },
  {
    "country_id": 6,
    "country_name": "Angola",
    "iso_country_code": "AO",
    "currency": "Kwanza",
    "currency_code": "AOA",
    "is_active": true,
    "created_by": 1,
    "created_date": "2022-09-15",
    "modified_by": 0,
    "modified_date": ""
  },
  {
    "country_id": 7,
    "country_name": "Antigua and Barbuda",
    "iso_country_code": "AG",
    "currency": "East Caribbean Dollar",
    "currency_code": "XCD",
    "is_active": true,
    "created_by": 1,
    "created_date": "2022-09-15",
    "modified_by": 0,
    "modified_date": ""
  },
  {
    "country_id": 8,
    "country_name": "Argentina",
    "iso_country_code": "AR",
    "currency": "Argentine Peso",
    "currency_code": "ARS",
    "is_active": true,
    "created_by": 1,
    "created_date": "2022-09-15",
    "modified_by": 0,
    "modified_date": ""
  },
  {
    "country_id": 9,
    "country_name": "Armenia",
    "iso_country_code": "AM",
    "currency": "Armenian Dram",
    "currency_code": "AMD",
    "is_active": true,
    "created_by": 1,
    "created_date": "2022-09-15",
    "modified_by": 0,
    "modified_date": ""
  },
  {
    "country_id": 10,
    "country_name": "Aruba",
    "iso_country_code": "AW",
    "currency": "Aruban Florin",
    "currency_code": "AWG",
    "is_active": true,
    "created_by": 1,
    "created_date": "2022-09-15",
    "modified_by": 0,
    "modified_date": ""
  },
  {
    "country_id": 11,
    "country_name": "Australia",
    "iso_country_code": "AU",
    "currency": "Australian Dollar",
    "currency_code": "AUD",
    "is_active": true,
    "created_by": 1,
    "created_date": "2022-09-15",
    "modified_by": 0,
    "modified_date": ""
  },
  {
    "country_id": 12,
    "country_name": "Austria",
    "iso_country_code": "AT",
    "currency": "Euro",
    "currency_code": "EUR",
    "is_active": true,
    "created_by": 1,
    "created_date": "2022-09-15",
    "modified_by": 0,
    "modified_date": ""
  },
  {
    "country_id": 13,
    "country_name": "Azerbaijan",
    "iso_country_code": "AZ",
    "currency": "Azerbaijanian Manat",
    "currency_code": "AZN",
    "is_active": true,
    "created_by": 1,
    "created_date": "2022-09-15",
    "modified_by": 0,
    "modified_date": ""
  },
  {
    "country_id": 14,
    "country_name": "Bahamas",
    "iso_country_code": "BS",
    "currency": "Bahamian Dollar",
    "currency_code": "BSD",
    "is_active": true,
    "created_by": 1,
    "created_date": "2022-09-15",
    "modified_by": 0,
    "modified_date": ""
  },
  {
    "country_id": 15,
    "country_name": "Bahrain",
    "iso_country_code": "BH",
    "currency": "Bahraini Dinar",
    "currency_code": "BHD",
    "is_active": true,
    "created_by": 1,
    "created_date": "2022-09-15",
    "modified_by": 0,
    "modified_date": ""
  },
  {
    "country_id": 16,
    "country_name": "Bangladesh",
    "iso_country_code": "BD",
    "currency": "Taka",
    "currency_code": "BDT",
    "is_active": true,
    "created_by": 1,
    "created_date": "2022-09-15",
    "modified_by": 0,
    "modified_date": ""
  },
  {
    "country_id": 17,
    "country_name": "Barbados",
    "iso_country_code": "BB",
    "currency": "Barbados Dollar",
    "currency_code": "BBD",
    "is_active": true,
    "created_by": 1,
    "created_date": "2022-09-15",
    "modified_by": 0,
    "modified_date": ""
  },
  {
    "country_id": 18,
    "country_name": "Belarus",
    "iso_country_code": "BY",
    "currency": "Belarussian Ruble",
    "currency_code": "BYN",
    "is_active": true,
    "created_by": 1,
    "created_date": "2022-09-15",
    "modified_by": 0,
    "modified_date": ""
  },
  {
    "country_id": 19,
    "country_name": "Belgium",
    "iso_country_code": "BE",
    "currency": "Euro",
    "currency_code": "EUR",
    "is_active": true,
    "created_by": 1,
    "created_date": "2022-09-15",
    "modified_by": 0,
    "modified_date": ""
  },
  {
    "country_id": 20,
    "country_name": "Belize",
    "iso_country_code": "BZ",
    "currency": "Belize Dollar",
    "currency_code": "BZD",
    "is_active": true,
    "created_by": 1,
    "created_date": "2022-09-15",
    "modified_by": 0,
    "modified_date": ""
  },
  {
    "country_id": 21,
    "country_name": "Benin",
    "iso_country_code": "BJ",
    "currency": "CFA Franc BCEAO",
    "currency_code": "XOF",
    "is_active": true,
    "created_by": 1,
    "created_date": "2022-09-15",
    "modified_by": 0,
    "modified_date": ""
  },
  {
    "country_id": 22,
    "country_name": "Bermuda",
    "iso_country_code": "BM",
    "currency": "Bermudian Dollar",
    "currency_code": "BMD",
    "is_active": true,
    "created_by": 1,
    "created_date": "2022-09-15",
    "modified_by": 0,
    "modified_date": ""
  },
  {
    "country_id": 23,
    "country_name": "Bhutan",
    "iso_country_code": "BT",
    "currency": "Ngultrum",
    "currency_code": "BTN",
    "is_active": true,
    "created_by": 1,
    "created_date": "2022-09-15",
    "modified_by": 0,
    "modified_date": ""
  },
  {
    "country_id": 24,
    "country_name": "Bolivia",
    "iso_country_code": "BO",
    "currency": "Boliviano",
    "currency_code": "BOB",
    "is_active": true,
    "created_by": 1,
    "created_date": "2022-09-15",
    "modified_by": 0,
    "modified_date": ""
  },
  {
    "country_id": 25,
    "country_name": "Bosnia and Herzegovina",
    "iso_country_code": "BA",
    "currency": "Convertible Mark",
    "currency_code": "BAM",
    "is_active": true,
    "created_by": 1,
    "created_date": "2022-09-15",
    "modified_by": 0,
    "modified_date": ""
  },
  {
    "country_id": 26,
    "country_name": "Botswana",
    "iso_country_code": "BW",
    "currency": "Pula",
    "currency_code": "BWP",
    "is_active": true,
    "created_by": 1,
    "created_date": "2022-09-15",
    "modified_by": 0,
    "modified_date": ""
  },
  {
    "country_id": 27,
    "country_name": "Bouvet Island",
    "iso_country_code": "BV",
    "currency": "Norwegian Krone",
    "currency_code": "NOK",
    "is_active": true,
    "created_by": 1,
    "created_date": "2022-09-15",
    "modified_by": 0,
    "modified_date": ""
  },
  {
    "country_id": 28,
    "country_name": "Brazil",
    "iso_country_code": "BR",
    "currency": "Brazilian Real",
    "currency_code": "BRL",
    "is_active": true,
    "created_by": 1,
    "created_date": "2022-09-15",
    "modified_by": 0,
    "modified_date": ""
  },
  {
    "country_id": 29,
    "country_name": "British Indian Ocean Territory",
    "iso_country_code": "IO",
    "currency": "US Dollar",
    "currency_code": "USD",
    "is_active": true,
    "created_by": 1,
    "created_date": "2022-09-15",
    "modified_by": 0,
    "modified_date": ""
  },
  {
    "country_id": 30,
    "country_name": "Brunei Darussalam",
    "iso_country_code": "BN",
    "currency": "Brunei Dollar",
    "currency_code": "BND",
    "is_active": true,
    "created_by": 1,
    "created_date": "2022-09-15",
    "modified_by": 0,
    "modified_date": ""
  },
  {
    "country_id": 31,
    "country_name": "Bulgaria",
    "iso_country_code": "BG",
    "currency": "Bulgarian Lev",
    "currency_code": "BGN",
    "is_active": true,
    "created_by": 1,
    "created_date": "2022-09-15",
    "modified_by": 0,
    "modified_date": ""
  },
  {
    "country_id": 32,
    "country_name": "Burkina Faso",
    "iso_country_code": "BF",
    "currency": "CFA Franc BCEAO",
    "currency_code": "XOF",
    "is_active": true,
    "created_by": 1,
    "created_date": "2022-09-15",
    "modified_by": 0,
    "modified_date": ""
  },
  {
    "country_id": 33,
    "country_name": "Burundi",
    "iso_country_code": "BI",
    "currency": "Burundi Franc",
    "currency_code": "BIF",
    "is_active": true,
    "created_by": 1,
    "created_date": "2022-09-15",
    "modified_by": 0,
    "modified_date": ""
  },
  {
    "country_id": 34,
    "country_name": "Cambodia",
    "iso_country_code": "KH",
    "currency": "Riel",
    "currency_code": "KHR",
    "is_active": true,
    "created_by": 1,
    "created_date": "2022-09-15",
    "modified_by": 0,
    "modified_date": ""
  },
  {
    "country_id": 35,
    "country_name": "Cameroon",
    "iso_country_code": "CM",
    "currency": "CFA Franc BEAC",
    "currency_code": "XAF",
    "is_active": true,
    "created_by": 1,
    "created_date": "2022-09-15",
    "modified_by": 0,
    "modified_date": ""
  },
  {
    "country_id": 36,
    "country_name": "Canada",
    "iso_country_code": "CA",
    "currency": "Canadian Dollar",
    "currency_code": "CAD",
    "is_active": true,
    "created_by": 1,
    "created_date": "2022-09-15",
    "modified_by": 0,
    "modified_date": ""
  },
  {
    "country_id": 37,
    "country_name": "Cayman Islands",
    "iso_country_code": "KY",
    "currency": "Cayman Islands Dollar",
    "currency_code": "KYD",
    "is_active": true,
    "created_by": 1,
    "created_date": "2022-09-15",
    "modified_by": 0,
    "modified_date": ""
  },
  {
    "country_id": 38,
    "country_name": "Central African Republic",
    "iso_country_code": "CF",
    "currency": "CFA Franc BEAC",
    "currency_code": "XAF",
    "is_active": true,
    "created_by": 1,
    "created_date": "2022-09-15",
    "modified_by": 0,
    "modified_date": ""
  },
  {
    "country_id": 39,
    "country_name": "Chad",
    "iso_country_code": "TD",
    "currency": "CFA Franc BEAC",
    "currency_code": "XAF",
    "is_active": true,
    "created_by": 1,
    "created_date": "2022-09-15",
    "modified_by": 0,
    "modified_date": ""
  },
  {
    "country_id": 40,
    "country_name": "Chile",
    "iso_country_code": "CL",
    "currency": "Chilean Peso",
    "currency_code": "CLP",
    "is_active": true,
    "created_by": 1,
    "created_date": "2022-09-15",
    "modified_by": 0,
    "modified_date": ""
  },
  {
    "country_id": 41,
    "country_name": "China",
    "iso_country_code": "CN",
    "currency": "Yuan Renminbi",
    "currency_code": "CNY",
    "is_active": true,
    "created_by": 1,
    "created_date": "2022-09-15",
    "modified_by": 0,
    "modified_date": ""
  },
  {
    "country_id": 42,
    "country_name": "Christmas Island",
    "iso_country_code": "CX",
    "currency": "Australian Dollar",
    "currency_code": "AUD",
    "is_active": true,
    "created_by": 1,
    "created_date": "2022-09-15",
    "modified_by": 0,
    "modified_date": ""
  },
  {
    "country_id": 43,
    "country_name": "Cocos (keeling) Islands",
    "iso_country_code": "CC",
    "currency": "Australian Dollar",
    "currency_code": "AUD",
    "is_active": true,
    "created_by": 1,
    "created_date": "2022-09-15",
    "modified_by": 0,
    "modified_date": ""
  },
  {
    "country_id": 44,
    "country_name": "Colombia",
    "iso_country_code": "CO",
    "currency": "Colombian Peso",
    "currency_code": "COP",
    "is_active": true,
    "created_by": 1,
    "created_date": "2022-09-15",
    "modified_by": 0,
    "modified_date": ""
  },
  {
    "country_id": 45,
    "country_name": "Comoros",
    "iso_country_code": "KM",
    "currency": "Comoro Franc",
    "currency_code": "KMF",
    "is_active": true,
    "created_by": 1,
    "created_date": "2022-09-15",
    "modified_by": 0,
    "modified_date": ""
  },
  {
    "country_id": 46,
    "country_name": "Congo",
    "iso_country_code": "CG",
    "currency": "CFA Franc BEAC",
    "currency_code": "XAF",
    "is_active": true,
    "created_by": 1,
    "created_date": "2022-09-15",
    "modified_by": 0,
    "modified_date": ""
  },
  {
    "country_id": 47,
    "country_name": "Democratic Republic of the Congo",
    "iso_country_code": "CD",
    "currency": "Congolese Franc",
    "currency_code": "CDF",
    "is_active": true,
    "created_by": 1,
    "created_date": "2022-09-15",
    "modified_by": 0,
    "modified_date": ""
  },
  {
    "country_id": 48,
    "country_name": "Cook Islands",
    "iso_country_code": "CK",
    "currency": "New Zealand Dollar",
    "currency_code": "NZD",
    "is_active": true,
    "created_by": 1,
    "created_date": "2022-09-15",
    "modified_by": 0,
    "modified_date": ""
  },
  {
    "country_id": 49,
    "country_name": "Costa Rica",
    "iso_country_code": "CR",
    "currency": "Costa Rican Colon",
    "currency_code": "CRC",
    "is_active": true,
    "created_by": 1,
    "created_date": "2022-09-15",
    "modified_by": 0,
    "modified_date": ""
  },
  {
    "country_id": 50,
    "country_name": "Croatia",
    "iso_country_code": "HR",
    "currency": "Kuna",
    "currency_code": "HRK",
    "is_active": true,
    "created_by": 1,
    "created_date": "2022-09-15",
    "modified_by": 0,
    "modified_date": ""
  },
  {
    "country_id": 51,
    "country_name": "Cuba",
    "iso_country_code": "CU",
    "currency": "Cuban Peso",
    "currency_code": "CUP",
    "is_active": true,
    "created_by": 1,
    "created_date": "2022-09-15",
    "modified_by": 0,
    "modified_date": ""
  },
  {
    "country_id": 52,
    "country_name": "Cyprus",
    "iso_country_code": "CY",
    "currency": "Euro",
    "currency_code": "EUR",
    "is_active": true,
    "created_by": 1,
    "created_date": "2022-09-15",
    "modified_by": 0,
    "modified_date": ""
  },
  {
    "country_id": 53,
    "country_name": "Czech Republic",
    "iso_country_code": "CZ",
    "currency": "Czech Koruna",
    "currency_code": "CZK",
    "is_active": true,
    "created_by": 1,
    "created_date": "2022-09-15",
    "modified_by": 0,
    "modified_date": ""
  },
  {
    "country_id": 54,
    "country_name": "Denmark",
    "iso_country_code": "DK",
    "currency": "Danish Krone",
    "currency_code": "DKK",
    "is_active": true,
    "created_by": 1,
    "created_date": "2022-09-15",
    "modified_by": 0,
    "modified_date": ""
  },
  {
    "country_id": 55,
    "country_name": "Djibouti",
    "iso_country_code": "DJ",
    "currency": "Djibouti Franc",
    "currency_code": "DJF",
    "is_active": true,
    "created_by": 1,
    "created_date": "2022-09-15",
    "modified_by": 0,
    "modified_date": ""
  },
  {
    "country_id": 56,
    "country_name": "Dominica",
    "iso_country_code": "DM",
    "currency": "East Caribbean Dollar",
    "currency_code": "XCD",
    "is_active": true,
    "created_by": 1,
    "created_date": "2022-09-15",
    "modified_by": 0,
    "modified_date": ""
  },
  {
    "country_id": 57,
    "country_name": "Dominican Republic",
    "iso_country_code": "DO",
    "currency": "Dominican Peso",
    "currency_code": "DOP",
    "is_active": true,
    "created_by": 1,
    "created_date": "2022-09-15",
    "modified_by": 0,
    "modified_date": ""
  },
  {
    "country_id": 58,
    "country_name": "Ecuador",
    "iso_country_code": "EC",
    "currency": "US Dollar",
    "currency_code": "USD",
    "is_active": true,
    "created_by": 1,
    "created_date": "2022-09-15",
    "modified_by": 0,
    "modified_date": ""
  },
  {
    "country_id": 59,
    "country_name": "Egypt",
    "iso_country_code": "EG",
    "currency": "Egyptian Pound",
    "currency_code": "EGP",
    "is_active": true,
    "created_by": 1,
    "created_date": "2022-09-15",
    "modified_by": 0,
    "modified_date": ""
  },
  {
    "country_id": 60,
    "country_name": "El Salvador",
    "iso_country_code": "SV",
    "currency": "US Dollar",
    "currency_code": "USD",
    "is_active": true,
    "created_by": 1,
    "created_date": "2022-09-15",
    "modified_by": 0,
    "modified_date": ""
  },
  {
    "country_id": 61,
    "country_name": "Equatorial Guinea",
    "iso_country_code": "GQ",
    "currency": "CFA Franc BEAC",
    "currency_code": "XAF",
    "is_active": true,
    "created_by": 1,
    "created_date": "2022-09-15",
    "modified_by": 0,
    "modified_date": ""
  },
  {
    "country_id": 62,
    "country_name": "Eritrea",
    "iso_country_code": "ER",
    "currency": "Nakfa",
    "currency_code": "ERN",
    "is_active": true,
    "created_by": 1,
    "created_date": "2022-09-15",
    "modified_by": 0,
    "modified_date": ""
  },
  {
    "country_id": 63,
    "country_name": "Estonia",
    "iso_country_code": "EE",
    "currency": "Euro",
    "currency_code": "EUR",
    "is_active": true,
    "created_by": 1,
    "created_date": "2022-09-15",
    "modified_by": 0,
    "modified_date": ""
  },
  {
    "country_id": 64,
    "country_name": "Ethiopia",
    "iso_country_code": "ET",
    "currency": "Ethiopian Birr",
    "currency_code": "ETB",
    "is_active": true,
    "created_by": 1,
    "created_date": "2022-09-15",
    "modified_by": 0,
    "modified_date": ""
  },
  {
    "country_id": 65,
    "country_name": "Falkland Islands (malvinas)",
    "iso_country_code": "FK",
    "currency": "Falkland Islands Pound",
    "currency_code": "FKP",
    "is_active": true,
    "created_by": 1,
    "created_date": "2022-09-15",
    "modified_by": 0,
    "modified_date": ""
  },
  {
    "country_id": 66,
    "country_name": "Faroe Islands",
    "iso_country_code": "FO",
    "currency": "Danish Krone",
    "currency_code": "DKK",
    "is_active": true,
    "created_by": 1,
    "created_date": "2022-09-15",
    "modified_by": 0,
    "modified_date": ""
  },
  {
    "country_id": 67,
    "country_name": "Fiji",
    "iso_country_code": "FJ",
    "currency": "Fiji Dollar",
    "currency_code": "FJD",
    "is_active": true,
    "created_by": 1,
    "created_date": "2022-09-15",
    "modified_by": 0,
    "modified_date": ""
  },
  {
    "country_id": 68,
    "country_name": "Finland",
    "iso_country_code": "FI",
    "currency": "Euro",
    "currency_code": "EUR",
    "is_active": true,
    "created_by": 1,
    "created_date": "2022-09-15",
    "modified_by": 0,
    "modified_date": ""
  },
  {
    "country_id": 69,
    "country_name": "France",
    "iso_country_code": "FR",
    "currency": "Euro",
    "currency_code": "EUR",
    "is_active": true,
    "created_by": 1,
    "created_date": "2022-09-15",
    "modified_by": 0,
    "modified_date": ""
  },
  {
    "country_id": 70,
    "country_name": "French Guiana",
    "iso_country_code": "GF",
    "currency": "Euro",
    "currency_code": "EUR",
    "is_active": true,
    "created_by": 1,
    "created_date": "2022-09-15",
    "modified_by": 0,
    "modified_date": ""
  },
  {
    "country_id": 71,
    "country_name": "French Polynesia",
    "iso_country_code": "PF",
    "currency": "CFP Franc",
    "currency_code": "XPF",
    "is_active": true,
    "created_by": 1,
    "created_date": "2022-09-15",
    "modified_by": 0,
    "modified_date": ""
  },
  {
    "country_id": 72,
    "country_name": "French Southern Territories",
    "iso_country_code": "TF",
    "currency": "Euro",
    "currency_code": "EUR",
    "is_active": true,
    "created_by": 1,
    "created_date": "2022-09-15",
    "modified_by": 0,
    "modified_date": ""
  },
  {
    "country_id": 73,
    "country_name": "Gabon",
    "iso_country_code": "GA",
    "currency": "CFA Franc BEAC",
    "currency_code": "XAF",
    "is_active": true,
    "created_by": 1,
    "created_date": "2022-09-15",
    "modified_by": 0,
    "modified_date": ""
  },
  {
    "country_id": 74,
    "country_name": "Gambia",
    "iso_country_code": "GM",
    "currency": "Dalasi",
    "currency_code": "GMD",
    "is_active": true,
    "created_by": 1,
    "created_date": "2022-09-15",
    "modified_by": 0,
    "modified_date": ""
  },
  {
    "country_id": 75,
    "country_name": "Georgia",
    "iso_country_code": "GE",
    "currency": "Lari",
    "currency_code": "GEL",
    "is_active": true,
    "created_by": 1,
    "created_date": "2022-09-15",
    "modified_by": 0,
    "modified_date": ""
  },
  {
    "country_id": 76,
    "country_name": "Germany",
    "iso_country_code": "DE",
    "currency": "Euro",
    "currency_code": "EUR",
    "is_active": true,
    "created_by": 1,
    "created_date": "2022-09-15",
    "modified_by": 0,
    "modified_date": ""
  },
  {
    "country_id": 77,
    "country_name": "Ghana",
    "iso_country_code": "GH",
    "currency": "Ghana Cedi",
    "currency_code": "GHS",
    "is_active": true,
    "created_by": 1,
    "created_date": "2022-09-15",
    "modified_by": 0,
    "modified_date": ""
  },
  {
    "country_id": 78,
    "country_name": "Gibraltar",
    "iso_country_code": "GI",
    "currency": "Gibraltar Pound",
    "currency_code": "GIP",
    "is_active": true,
    "created_by": 1,
    "created_date": "2022-09-15",
    "modified_by": 0,
    "modified_date": ""
  },
  {
    "country_id": 79,
    "country_name": "Greece",
    "iso_country_code": "GR",
    "currency": "Euro",
    "currency_code": "EUR",
    "is_active": true,
    "created_by": 1,
    "created_date": "2022-09-15",
    "modified_by": 0,
    "modified_date": ""
  },
  {
    "country_id": 80,
    "country_name": "Greenland",
    "iso_country_code": "GL",
    "currency": "Danish Krone",
    "currency_code": "DKK",
    "is_active": true,
    "created_by": 1,
    "created_date": "2022-09-15",
    "modified_by": 0,
    "modified_date": ""
  },
  {
    "country_id": 81,
    "country_name": "Grenada",
    "iso_country_code": "GD",
    "currency": "East Caribbean Dollar",
    "currency_code": "XCD",
    "is_active": true,
    "created_by": 1,
    "created_date": "2022-09-15",
    "modified_by": 0,
    "modified_date": ""
  },
  {
    "country_id": 82,
    "country_name": "Guadeloupe",
    "iso_country_code": "GP",
    "currency": "Euro",
    "currency_code": "EUR",
    "is_active": true,
    "created_by": 1,
    "created_date": "2022-09-15",
    "modified_by": 0,
    "modified_date": ""
  },
  {
    "country_id": 83,
    "country_name": "Guam",
    "iso_country_code": "GU",
    "currency": "US Dollar",
    "currency_code": "USD",
    "is_active": true,
    "created_by": 1,
    "created_date": "2022-09-15",
    "modified_by": 0,
    "modified_date": ""
  },
  {
    "country_id": 84,
    "country_name": "Guatemala",
    "iso_country_code": "GT",
    "currency": "Quetzal",
    "currency_code": "GTQ",
    "is_active": true,
    "created_by": 1,
    "created_date": "2022-09-15",
    "modified_by": 0,
    "modified_date": ""
  },
  {
    "country_id": 85,
    "country_name": "Guinea",
    "iso_country_code": "GN",
    "currency": "Guinea Franc",
    "currency_code": "GNF",
    "is_active": true,
    "created_by": 1,
    "created_date": "2022-09-15",
    "modified_by": 0,
    "modified_date": ""
  },
  {
    "country_id": 86,
    "country_name": "Guinea-bissau",
    "iso_country_code": "GW",
    "currency": "CFA Franc BCEAO",
    "currency_code": "XOF",
    "is_active": true,
    "created_by": 1,
    "created_date": "2022-09-15",
    "modified_by": 0,
    "modified_date": ""
  },
  {
    "country_id": 87,
    "country_name": "Guyana",
    "iso_country_code": "GY",
    "currency": "Guyana Dollar",
    "currency_code": "GYD",
    "is_active": true,
    "created_by": 1,
    "created_date": "2022-09-15",
    "modified_by": 0,
    "modified_date": ""
  },
  {
    "country_id": 88,
    "country_name": "Haiti",
    "iso_country_code": "HT",
    "currency": "Gourde",
    "currency_code": "HTG",
    "is_active": true,
    "created_by": 1,
    "created_date": "2022-09-15",
    "modified_by": 0,
    "modified_date": ""
  },
  {
    "country_id": 89,
    "country_name": "Heard Island and Mcdonald Islands",
    "iso_country_code": "HM",
    "currency": "Australian Dollar",
    "currency_code": "AUD",
    "is_active": true,
    "created_by": 1,
    "created_date": "2022-09-15",
    "modified_by": 0,
    "modified_date": ""
  },
  {
    "country_id": 90,
    "country_name": "Honduras",
    "iso_country_code": "HN",
    "currency": "Lempira",
    "currency_code": "HNL",
    "is_active": true,
    "created_by": 1,
    "created_date": "2022-09-15",
    "modified_by": 0,
    "modified_date": ""
  },
  {
    "country_id": 91,
    "country_name": "Hong Kong",
    "iso_country_code": "HK",
    "currency": "Hong Kong Dollar",
    "currency_code": "HKD",
    "is_active": true,
    "created_by": 1,
    "created_date": "2022-09-15",
    "modified_by": 0,
    "modified_date": ""
  },
  {
    "country_id": 92,
    "country_name": "Hungary",
    "iso_country_code": "HU",
    "currency": "Forint",
    "currency_code": "HUF",
    "is_active": true,
    "created_by": 1,
    "created_date": "2022-09-15",
    "modified_by": 0,
    "modified_date": ""
  },
  {
    "country_id": 93,
    "country_name": "Iceland",
    "iso_country_code": "IS",
    "currency": "Iceland Krona",
    "currency_code": "ISK",
    "is_active": true,
    "created_by": 1,
    "created_date": "2022-09-15",
    "modified_by": 0,
    "modified_date": ""
  },
  {
    "country_id": 94,
    "country_name": "India",
    "iso_country_code": "IN",
    "currency": "Indian Rupee",
    "currency_code": "INR",
    "is_active": true,
    "created_by": 1,
    "created_date": "2022-09-15",
    "modified_by": 0,
    "modified_date": ""
  },
  {
    "country_id": 95,
    "country_name": "Indonesia",
    "iso_country_code": "ID",
    "currency": "Rupiah",
    "currency_code": "IDR",
    "is_active": true,
    "created_by": 1,
    "created_date": "2022-09-15",
    "modified_by": 0,
    "modified_date": ""
  },
  {
    "country_id": 96,
    "country_name": "Iran Islamic Republic Of",
    "iso_country_code": "IR",
    "currency": "Iranian Rial",
    "currency_code": "IRR",
    "is_active": true,
    "created_by": 1,
    "created_date": "2022-09-15",
    "modified_by": 0,
    "modified_date": ""
  },
  {
    "country_id": 97,
    "country_name": "Iraq",
    "iso_country_code": "IQ",
    "currency": "Iraqi Dinar",
    "currency_code": "IQD",
    "is_active": true,
    "created_by": 1,
    "created_date": "2022-09-15",
    "modified_by": 0,
    "modified_date": ""
  },
  {
    "country_id": 98,
    "country_name": "Ireland",
    "iso_country_code": "IE",
    "currency": "Euro",
    "currency_code": "EUR",
    "is_active": true,
    "created_by": 1,
    "created_date": "2022-09-15",
    "modified_by": 0,
    "modified_date": ""
  },
  {
    "country_id": 99,
    "country_name": "Israel",
    "iso_country_code": "IL",
    "currency": "New Israeli Sheqel",
    "currency_code": "ILS",
    "is_active": true,
    "created_by": 1,
    "created_date": "2022-09-15",
    "modified_by": 0,
    "modified_date": ""
  },
  {
    "country_id": 100,
    "country_name": "Italy",
    "iso_country_code": "IT",
    "currency": "Euro",
    "currency_code": "EUR",
    "is_active": true,
    "created_by": 1,
    "created_date": "2022-09-15",
    "modified_by": 0,
    "modified_date": ""
  },
  {
    "country_id": 101,
    "country_name": "Jamaica",
    "iso_country_code": "JM",
    "currency": "Jamaican Dollar",
    "currency_code": "JMD",
    "is_active": true,
    "created_by": 1,
    "created_date": "2022-09-15",
    "modified_by": 0,
    "modified_date": ""
  },
  {
    "country_id": 102,
    "country_name": "Japan",
    "iso_country_code": "JP",
    "currency": "Yen",
    "currency_code": "JPY",
    "is_active": true,
    "created_by": 1,
    "created_date": "2022-09-15",
    "modified_by": 0,
    "modified_date": ""
  },
  {
    "country_id": 103,
    "country_name": "Jordan",
    "iso_country_code": "JO",
    "currency": "Jordanian Dinar",
    "currency_code": "JOD",
    "is_active": true,
    "created_by": 1,
    "created_date": "2022-09-15",
    "modified_by": 0,
    "modified_date": ""
  },
  {
    "country_id": 104,
    "country_name": "Kazakhstan",
    "iso_country_code": "KZ",
    "currency": "Tenge",
    "currency_code": "KZT",
    "is_active": true,
    "created_by": 1,
    "created_date": "2022-09-15",
    "modified_by": 0,
    "modified_date": ""
  },
  {
    "country_id": 105,
    "country_name": "Kenya",
    "iso_country_code": "KE",
    "currency": "Kenyan Shilling",
    "currency_code": "KES",
    "is_active": true,
    "created_by": 1,
    "created_date": "2022-09-15",
    "modified_by": 0,
    "modified_date": ""
  },
  {
    "country_id": 106,
    "country_name": "Kiribati",
    "iso_country_code": "KI",
    "currency": "Australian Dollar",
    "currency_code": "AUD",
    "is_active": true,
    "created_by": 1,
    "created_date": "2022-09-15",
    "modified_by": 0,
    "modified_date": ""
  },
  {
    "country_id": 107,
    "country_name": "Korea Democratic People's Republic Of",
    "iso_country_code": "KP",
    "currency": "North Korean Won",
    "currency_code": "KPW",
    "is_active": true,
    "created_by": 1,
    "created_date": "2022-09-15",
    "modified_by": 0,
    "modified_date": ""
  },
  {
    "country_id": 108,
    "country_name": "Korea, Republic Of",
    "iso_country_code": "KR",
    "currency": "Won",
    "currency_code": "KRW",
    "is_active": true,
    "created_by": 1,
    "created_date": "2022-09-15",
    "modified_by": 0,
    "modified_date": ""
  },
  {
    "country_id": 109,
    "country_name": "Kuwait",
    "iso_country_code": "KW",
    "currency": "Kuwaiti Dinar",
    "currency_code": "KWD",
    "is_active": true,
    "created_by": 1,
    "created_date": "2022-09-15",
    "modified_by": 0,
    "modified_date": ""
  },
  {
    "country_id": 110,
    "country_name": "Kyrgyzstan",
    "iso_country_code": "KG",
    "currency": "Som",
    "currency_code": "KGS",
    "is_active": true,
    "created_by": 1,
    "created_date": "2022-09-15",
    "modified_by": 0,
    "modified_date": ""
  },
  {
    "country_id": 111,
    "country_name": "Lao People's Democratic Republic (laos)",
    "iso_country_code": "LA",
    "currency": "Kip",
    "currency_code": "LAK",
    "is_active": true,
    "created_by": 1,
    "created_date": "2022-09-15",
    "modified_by": 0,
    "modified_date": ""
  },
  {
    "country_id": 112,
    "country_name": "Latvia",
    "iso_country_code": "LV",
    "currency": "Euro",
    "currency_code": "EUR",
    "is_active": true,
    "created_by": 1,
    "created_date": "2022-09-15",
    "modified_by": 0,
    "modified_date": ""
  },
  {
    "country_id": 113,
    "country_name": "Lebanon",
    "iso_country_code": "LB",
    "currency": "Lebanese Pound",
    "currency_code": "LBP",
    "is_active": true,
    "created_by": 1,
    "created_date": "2022-09-15",
    "modified_by": 0,
    "modified_date": ""
  },
  {
    "country_id": 114,
    "country_name": "Lesotho",
    "iso_country_code": "LS",
    "currency": "Loti",
    "currency_code": "LSL",
    "is_active": true,
    "created_by": 1,
    "created_date": "2022-09-15",
    "modified_by": 0,
    "modified_date": ""
  },
  {
    "country_id": 115,
    "country_name": "Liberia",
    "iso_country_code": "LR",
    "currency": "Liberian Dollar",
    "currency_code": "LRD",
    "is_active": true,
    "created_by": 1,
    "created_date": "2022-09-15",
    "modified_by": 0,
    "modified_date": ""
  },
  {
    "country_id": 116,
    "country_name": "Libya",
    "iso_country_code": "LY",
    "currency": "Libyan Dinar",
    "currency_code": "LYD",
    "is_active": true,
    "created_by": 1,
    "created_date": "2022-09-15",
    "modified_by": 0,
    "modified_date": ""
  },
  {
    "country_id": 117,
    "country_name": "Liechtenstein",
    "iso_country_code": "LI",
    "currency": "Swiss Franc",
    "currency_code": "CHF",
    "is_active": true,
    "created_by": 1,
    "created_date": "2022-09-15",
    "modified_by": 0,
    "modified_date": ""
  },
  {
    "country_id": 118,
    "country_name": "Lithuania",
    "iso_country_code": "LT",
    "currency": "Euro",
    "currency_code": "EUR",
    "is_active": true,
    "created_by": 1,
    "created_date": "2022-09-15",
    "modified_by": 0,
    "modified_date": ""
  },
  {
    "country_id": 119,
    "country_name": "Luxembourg",
    "iso_country_code": "LU",
    "currency": "Euro",
    "currency_code": "EUR",
    "is_active": true,
    "created_by": 1,
    "created_date": "2022-09-15",
    "modified_by": 0,
    "modified_date": ""
  },
  {
    "country_id": 120,
    "country_name": "Macao",
    "iso_country_code": "MO",
    "currency": "Pataca",
    "currency_code": "MOP",
    "is_active": true,
    "created_by": 1,
    "created_date": "2022-09-15",
    "modified_by": 0,
    "modified_date": ""
  },
  {
    "country_id": 121,
    "country_name": "Madagascar",
    "iso_country_code": "MG",
    "currency": "Malagasy Ariary",
    "currency_code": "MGA",
    "is_active": true,
    "created_by": 1,
    "created_date": "2022-09-15",
    "modified_by": 0,
    "modified_date": ""
  },
  {
    "country_id": 122,
    "country_name": "Malawi",
    "iso_country_code": "MW",
    "currency": "Kwacha",
    "currency_code": "MWK",
    "is_active": true,
    "created_by": 1,
    "created_date": "2022-09-15",
    "modified_by": 0,
    "modified_date": ""
  },
  {
    "country_id": 123,
    "country_name": "Malaysia",
    "iso_country_code": "MY",
    "currency": "Malaysian Ringgit",
    "currency_code": "MYR",
    "is_active": true,
    "created_by": 1,
    "created_date": "2022-09-15",
    "modified_by": 0,
    "modified_date": ""
  },
  {
    "country_id": 124,
    "country_name": "Maldives",
    "iso_country_code": "MV",
    "currency": "Rufiyaa",
    "currency_code": "MVR",
    "is_active": true,
    "created_by": 1,
    "created_date": "2022-09-15",
    "modified_by": 0,
    "modified_date": ""
  },
  {
    "country_id": 125,
    "country_name": "Mali",
    "iso_country_code": "ML",
    "currency": "CFA Franc BCEAO",
    "currency_code": "XOF",
    "is_active": true,
    "created_by": 1,
    "created_date": "2022-09-15",
    "modified_by": 0,
    "modified_date": ""
  },
  {
    "country_id": 126,
    "country_name": "Malta",
    "iso_country_code": "MT",
    "currency": "Euro",
    "currency_code": "EUR",
    "is_active": true,
    "created_by": 1,
    "created_date": "2022-09-15",
    "modified_by": 0,
    "modified_date": ""
  },
  {
    "country_id": 127,
    "country_name": "Marshall Islands",
    "iso_country_code": "MH",
    "currency": "US Dollar",
    "currency_code": "USD",
    "is_active": true,
    "created_by": 1,
    "created_date": "2022-09-15",
    "modified_by": 0,
    "modified_date": ""
  },
  {
    "country_id": 128,
    "country_name": "Martinique",
    "iso_country_code": "MQ",
    "currency": "Euro",
    "currency_code": "EUR",
    "is_active": true,
    "created_by": 1,
    "created_date": "2022-09-15",
    "modified_by": 0,
    "modified_date": ""
  },
  {
    "country_id": 129,
    "country_name": "Mauritania",
    "iso_country_code": "MR",
    "currency": "Ouguiya",
    "currency_code": "MRU",
    "is_active": true,
    "created_by": 1,
    "created_date": "2022-09-15",
    "modified_by": 0,
    "modified_date": ""
  },
  {
    "country_id": 130,
    "country_name": "Mauritius",
    "iso_country_code": "MU",
    "currency": "Mauritius Rupee",
    "currency_code": "MUR",
    "is_active": true,
    "created_by": 1,
    "created_date": "2022-09-15",
    "modified_by": 0,
    "modified_date": ""
  },
  {
    "country_id": 131,
    "country_name": "Mayotte",
    "iso_country_code": "YT",
    "currency": "Euro",
    "currency_code": "EUR",
    "is_active": true,
    "created_by": 1,
    "created_date": "2022-09-15",
    "modified_by": 0,
    "modified_date": ""
  },
  {
    "country_id": 132,
    "country_name": "Mexico",
    "iso_country_code": "MX",
    "currency": "Mexican Peso",
    "currency_code": "MXN",
    "is_active": true,
    "created_by": 1,
    "created_date": "2022-09-15",
    "modified_by": 0,
    "modified_date": ""
  },
  {
    "country_id": 133,
    "country_name": "Micronesia, Federated States Of",
    "iso_country_code": "FM",
    "currency": "US Dollar",
    "currency_code": "USD",
    "is_active": true,
    "created_by": 1,
    "created_date": "2022-09-15",
    "modified_by": 0,
    "modified_date": ""
  },
  {
    "country_id": 134,
    "country_name": "Moldova, Republic Of",
    "iso_country_code": "MD",
    "currency": "Moldovan Leu",
    "currency_code": "MDL",
    "is_active": true,
    "created_by": 1,
    "created_date": "2022-09-15",
    "modified_by": 0,
    "modified_date": ""
  },
  {
    "country_id": 135,
    "country_name": "Monaco",
    "iso_country_code": "MC",
    "currency": "Euro",
    "currency_code": "EUR",
    "is_active": true,
    "created_by": 1,
    "created_date": "2022-09-15",
    "modified_by": 0,
    "modified_date": ""
  },
  {
    "country_id": 136,
    "country_name": "Mongolia",
    "iso_country_code": "MN",
    "currency": "Tugrik",
    "currency_code": "MNT",
    "is_active": true,
    "created_by": 1,
    "created_date": "2022-09-15",
    "modified_by": 0,
    "modified_date": ""
  },
  {
    "country_id": 137,
    "country_name": "Montenegro",
    "iso_country_code": "ME",
    "currency": "Euro",
    "currency_code": "EUR",
    "is_active": true,
    "created_by": 1,
    "created_date": "2022-09-15",
    "modified_by": 0,
    "modified_date": ""
  },
  {
    "country_id": 138,
    "country_name": "Montserrat",
    "iso_country_code": "MS",
    "currency": "East Caribbean Dollar",
    "currency_code": "XCD",
    "is_active": true,
    "created_by": 1,
    "created_date": "2022-09-15",
    "modified_by": 0,
    "modified_date": ""
  },
  {
    "country_id": 139,
    "country_name": "Morocco",
    "iso_country_code": "MA",
    "currency": "Moroccan Dirham",
    "currency_code": "MAD",
    "is_active": true,
    "created_by": 1,
    "created_date": "2022-09-15",
    "modified_by": 0,
    "modified_date": ""
  },
  {
    "country_id": 140,
    "country_name": "Mozambique",
    "iso_country_code": "MZ",
    "currency": "Mozambique Metical",
    "currency_code": "MZN",
    "is_active": true,
    "created_by": 1,
    "created_date": "2022-09-15",
    "modified_by": 0,
    "modified_date": ""
  },
  {
    "country_id": 141,
    "country_name": "Myanmar",
    "iso_country_code": "MM",
    "currency": "Kyat",
    "currency_code": "MMK",
    "is_active": true,
    "created_by": 1,
    "created_date": "2022-09-15",
    "modified_by": 0,
    "modified_date": ""
  },
  {
    "country_id": 142,
    "country_name": "Namibia",
    "iso_country_code": "NA",
    "currency": "Namibia Dollar",
    "currency_code": "NAD",
    "is_active": true,
    "created_by": 1,
    "created_date": "2022-09-15",
    "modified_by": 0,
    "modified_date": ""
  },
  {
    "country_id": 143,
    "country_name": "Nauru",
    "iso_country_code": "NR",
    "currency": "Australian Dollar",
    "currency_code": "AUD",
    "is_active": true,
    "created_by": 1,
    "created_date": "2022-09-15",
    "modified_by": 0,
    "modified_date": ""
  },
  {
    "country_id": 144,
    "country_name": "Nepal",
    "iso_country_code": "NP",
    "currency": "Nepalese Rupee",
    "currency_code": "NPR",
    "is_active": true,
    "created_by": 1,
    "created_date": "2022-09-15",
    "modified_by": 0,
    "modified_date": ""
  },
  {
    "country_id": 145,
    "country_name": "Netherlands",
    "iso_country_code": "NL",
    "currency": "Euro",
    "currency_code": "EUR",
    "is_active": true,
    "created_by": 1,
    "created_date": "2022-09-15",
    "modified_by": 0,
    "modified_date": ""
  },
  {
    "country_id": 146,
    "country_name": "New Caledonia",
    "iso_country_code": "NC",
    "currency": "CFP Franc",
    "currency_code": "XPF",
    "is_active": true,
    "created_by": 1,
    "created_date": "2022-09-15",
    "modified_by": 0,
    "modified_date": ""
  },
  {
    "country_id": 147,
    "country_name": "New Zealand",
    "iso_country_code": "NZ",
    "currency": "New Zealand Dollar",
    "currency_code": "NZD",
    "is_active": true,
    "created_by": 1,
    "created_date": "2022-09-15",
    "modified_by": 0,
    "modified_date": ""
  },
  {
    "country_id": 148,
    "country_name": "Nicaragua",
    "iso_country_code": "NI",
    "currency": "Cordoba Oro",
    "currency_code": "NIO",
    "is_active": true,
    "created_by": 1,
    "created_date": "2022-09-15",
    "modified_by": 0,
    "modified_date": ""
  },
  {
    "country_id": 149,
    "country_name": "Niger",
    "iso_country_code": "NE",
    "currency": "CFA Franc BCEAO",
    "currency_code": "XOF",
    "is_active": true,
    "created_by": 1,
    "created_date": "2022-09-15",
    "modified_by": 0,
    "modified_date": ""
  },
  {
    "country_id": 150,
    "country_name": "Nigeria",
    "iso_country_code": "NG",
    "currency": "Naira",
    "currency_code": "NGN",
    "is_active": true,
    "created_by": 1,
    "created_date": "2022-09-15",
    "modified_by": 0,
    "modified_date": ""
  },
  {
    "country_id": 151,
    "country_name": "Niue",
    "iso_country_code": "NU",
    "currency": "New Zealand Dollar",
    "currency_code": "NZD",
    "is_active": true,
    "created_by": 1,
    "created_date": "2022-09-15",
    "modified_by": 0,
    "modified_date": ""
  },
  {
    "country_id": 152,
    "country_name": "Norfolk Island",
    "iso_country_code": "NF",
    "currency": "Australian Dollar",
    "currency_code": "AUD",
    "is_active": true,
    "created_by": 1,
    "created_date": "2022-09-15",
    "modified_by": 0,
    "modified_date": ""
  },
  {
    "country_id": 153,
    "country_name": "Northern Mariana Islands",
    "iso_country_code": "MP",
    "currency": "US Dollar",
    "currency_code": "USD",
    "is_active": true,
    "created_by": 1,
    "created_date": "2022-09-15",
    "modified_by": 0,
    "modified_date": ""
  },
  {
    "country_id": 154,
    "country_name": "Norway",
    "iso_country_code": "NO",
    "currency": "Norwegian Krone",
    "currency_code": "NOK",
    "is_active": true,
    "created_by": 1,
    "created_date": "2022-09-15",
    "modified_by": 0,
    "modified_date": ""
  },
  {
    "country_id": 155,
    "country_name": "Oman",
    "iso_country_code": "OM",
    "currency": "Rial Omani",
    "currency_code": "OMR",
    "is_active": true,
    "created_by": 1,
    "created_date": "2022-09-15",
    "modified_by": 0,
    "modified_date": ""
  },
  {
    "country_id": 156,
    "country_name": "Pakistan",
    "iso_country_code": "PK",
    "currency": "Pakistan Rupee",
    "currency_code": "PKR",
    "is_active": true,
    "created_by": 1,
    "created_date": "2022-09-15",
    "modified_by": 0,
    "modified_date": ""
  },
  {
    "country_id": 157,
    "country_name": "Palau",
    "iso_country_code": "PW",
    "currency": "US Dollar",
    "currency_code": "USD",
    "is_active": true,
    "created_by": 1,
    "created_date": "2022-09-15",
    "modified_by": 0,
    "modified_date": ""
  },
  {
    "country_id": 158,
    "country_name": "Panama",
    "iso_country_code": "PA",
    "currency": "Balboa",
    "currency_code": "PAB",
    "is_active": true,
    "created_by": 1,
    "created_date": "2022-09-15",
    "modified_by": 0,
    "modified_date": ""
  },
  {
    "country_id": 159,
    "country_name": "Papua New Guinea",
    "iso_country_code": "PG",
    "currency": "Kina",
    "currency_code": "PGK",
    "is_active": true,
    "created_by": 1,
    "created_date": "2022-09-15",
    "modified_by": 0,
    "modified_date": ""
  },
  {
    "country_id": 160,
    "country_name": "Paraguay",
    "iso_country_code": "PY",
    "currency": "Guarani",
    "currency_code": "PYG",
    "is_active": true,
    "created_by": 1,
    "created_date": "2022-09-15",
    "modified_by": 0,
    "modified_date": ""
  },
  {
    "country_id": 161,
    "country_name": "Peru",
    "iso_country_code": "PE",
    "currency": "Nuevo Sol",
    "currency_code": "PEN",
    "is_active": true,
    "created_by": 1,
    "created_date": "2022-09-15",
    "modified_by": 0,
    "modified_date": ""
  },
  {
    "country_id": 162,
    "country_name": "Philippines",
    "iso_country_code": "PH",
    "currency": "Philippine Peso",
    "currency_code": "PHP",
    "is_active": true,
    "created_by": 1,
    "created_date": "2022-09-15",
    "modified_by": 0,
    "modified_date": ""
  },
  {
    "country_id": 163,
    "country_name": "Pitcairn",
    "iso_country_code": "PN",
    "currency": "New Zealand Dollar",
    "currency_code": "NZD",
    "is_active": true,
    "created_by": 1,
    "created_date": "2022-09-15",
    "modified_by": 0,
    "modified_date": ""
  },
  {
    "country_id": 164,
    "country_name": "Poland",
    "iso_country_code": "PL",
    "currency": "Zloty",
    "currency_code": "PLN",
    "is_active": true,
    "created_by": 1,
    "created_date": "2022-09-15",
    "modified_by": 0,
    "modified_date": ""
  },
  {
    "country_id": 165,
    "country_name": "Portugal",
    "iso_country_code": "PT",
    "currency": "Euro",
    "currency_code": "EUR",
    "is_active": true,
    "created_by": 1,
    "created_date": "2022-09-15",
    "modified_by": 0,
    "modified_date": ""
  },
  {
    "country_id": 166,
    "country_name": "Puerto Rico",
    "iso_country_code": "PR",
    "currency": "US Dollar",
    "currency_code": "USD",
    "is_active": true,
    "created_by": 1,
    "created_date": "2022-09-15",
    "modified_by": 0,
    "modified_date": ""
  },
  {
    "country_id": 167,
    "country_name": "Qatar",
    "iso_country_code": "QA",
    "currency": "Qatari Rial",
    "currency_code": "QAR",
    "is_active": true,
    "created_by": 1,
    "created_date": "2022-09-15",
    "modified_by": 0,
    "modified_date": ""
  },
  {
    "country_id": 168,
    "country_name": "Romania",
    "iso_country_code": "RO",
    "currency": "Romanian Leu",
    "currency_code": "RON",
    "is_active": true,
    "created_by": 1,
    "created_date": "2022-09-15",
    "modified_by": 0,
    "modified_date": ""
  },
  {
    "country_id": 169,
    "country_name": "Russian Federation",
    "iso_country_code": "RU",
    "currency": "Russian Ruble",
    "currency_code": "RUB",
    "is_active": true,
    "created_by": 1,
    "created_date": "2022-09-15",
    "modified_by": 0,
    "modified_date": ""
  },
  {
    "country_id": 170,
    "country_name": "Rwanda",
    "iso_country_code": "RW",
    "currency": "Rwanda Franc",
    "currency_code": "RWF",
    "is_active": true,
    "created_by": 1,
    "created_date": "2022-09-15",
    "modified_by": 0,
    "modified_date": ""
  },
  {
    "country_id": 171,
    "country_name": "Saint Helena",
    "iso_country_code": "SH",
    "currency": "Saint Helena Pound",
    "currency_code": "SHP",
    "is_active": true,
    "created_by": 1,
    "created_date": "2022-09-15",
    "modified_by": 0,
    "modified_date": ""
  },
  {
    "country_id": 172,
    "country_name": "Saint Kitts and Nevis",
    "iso_country_code": "KN",
    "currency": "East Caribbean Dollar",
    "currency_code": "XCD",
    "is_active": true,
    "created_by": 1,
    "created_date": "2022-09-15",
    "modified_by": 0,
    "modified_date": ""
  },
  {
    "country_id": 173,
    "country_name": "Saint Lucia",
    "iso_country_code": "LC",
    "currency": "East Caribbean Dollar",
    "currency_code": "XCD",
    "is_active": true,
    "created_by": 1,
    "created_date": "2022-09-15",
    "modified_by": 0,
    "modified_date": ""
  },
  {
    "country_id": 174,
    "country_name": "Saint Pierre and Miquelon",
    "iso_country_code": "PM",
    "currency": "Euro",
    "currency_code": "EUR",
    "is_active": true,
    "created_by": 1,
    "created_date": "2022-09-15",
    "modified_by": 0,
    "modified_date": ""
  },
  {
    "country_id": 175,
    "country_name": "Saint Vincent and the Grenadines",
    "iso_country_code": "VC",
    "currency": "East Caribbean Dollar",
    "currency_code": "XCD",
    "is_active": true,
    "created_by": 1,
    "created_date": "2022-09-15",
    "modified_by": 0,
    "modified_date": ""
  },
  {
    "country_id": 176,
    "country_name": "Samoa",
    "iso_country_code": "WS",
    "currency": "Tala",
    "currency_code": "WST",
    "is_active": true,
    "created_by": 1,
    "created_date": "2022-09-15",
    "modified_by": 0,
    "modified_date": ""
  },
  {
    "country_id": 177,
    "country_name": "San Marino",
    "iso_country_code": "SM",
    "currency": "Euro",
    "currency_code": "EUR",
    "is_active": true,
    "created_by": 1,
    "created_date": "2022-09-15",
    "modified_by": 0,
    "modified_date": ""
  },
  {
    "country_id": 178,
    "country_name": "Sao Tome and Principe",
    "iso_country_code": "ST",
    "currency": "Dobra",
    "currency_code": "STN",
    "is_active": true,
    "created_by": 1,
    "created_date": "2022-09-15",
    "modified_by": 0,
    "modified_date": ""
  },
  {
    "country_id": 179,
    "country_name": "Saudi Arabia",
    "iso_country_code": "SA",
    "currency": "Saudi Riyal",
    "currency_code": "SAR",
    "is_active": true,
    "created_by": 1,
    "created_date": "2022-09-15",
    "modified_by": 0,
    "modified_date": ""
  },
  {
    "country_id": 180,
    "country_name": "Senegal",
    "iso_country_code": "SN",
    "currency": "CFA Franc BCEAO",
    "currency_code": "XOF",
    "is_active": true,
    "created_by": 1,
    "created_date": "2022-09-15",
    "modified_by": 0,
    "modified_date": ""
  },
  {
    "country_id": 181,
    "country_name": "Serbia",
    "iso_country_code": "RS",
    "currency": "Serbian Dinar",
    "currency_code": "RSD",
    "is_active": true,
    "created_by": 1,
    "created_date": "2022-09-15",
    "modified_by": 0,
    "modified_date": ""
  },
  {
    "country_id": 182,
    "country_name": "Seychelles",
    "iso_country_code": "SC",
    "currency": "Seychelles Rupee",
    "currency_code": "SCR",
    "is_active": true,
    "created_by": 1,
    "created_date": "2022-09-15",
    "modified_by": 0,
    "modified_date": ""
  },
  {
    "country_id": 183,
    "country_name": "Sierra Leone",
    "iso_country_code": "SL",
    "currency": "Leone",
    "currency_code": "SLE",
    "is_active": true,
    "created_by": 1,
    "created_date": "2022-09-15",
    "modified_by": 0,
    "modified_date": ""
  },
  {
    "country_id": 184,
    "country_name": "Singapore",
    "iso_country_code": "SG",
    "currency": "Singapore Dollar",
    "currency_code": "SGD",
    "is_active": true,
    "created_by": 1,
    "created_date": "2022-09-15",
    "modified_by": 0,
    "modified_date": ""
  },
  {
    "country_id": 185,
    "country_name": "Slovakia",
    "iso_country_code": "SK",
    "currency": "Euro",
    "currency_code": "EUR",
    "is_active": true,
    "created_by": 1,
    "created_date": "2022-09-15",
    "modified_by": 0,
    "modified_date": ""
  },
  {
    "country_id": 186,
    "country_name": "Slovenia",
    "iso_country_code": "SI",
    "currency": "Euro",
    "currency_code": "EUR",
    "is_active": true,
    "created_by": 1,
    "created_date": "2022-09-15",
    "modified_by": 0,
    "modified_date": ""
  },
  {
    "country_id": 187,
    "country_name": "Solomon Islands",
    "iso_country_code": "SB",
    "currency": "Solomon Islands Dollar",
    "currency_code": "SBD",
    "is_active": true,
    "created_by": 1,
    "created_date": "2022-09-15",
    "modified_by": 0,
    "modified_date": ""
  },
  {
    "country_id": 188,
    "country_name": "Somalia",
    "iso_country_code": "SO",
    "currency": "Somali Shilling",
    "currency_code": "SOS",
    "is_active": true,
    "created_by": 1,
    "created_date": "2022-09-15",
    "modified_by": 0,
    "modified_date": ""
  },
  {
    "country_id": 189,
    "country_name": "South Africa",
    "iso_country_code": "ZA",
    "currency": "Rand",
    "currency_code": "ZAR",
    "is_active": true,
    "created_by": 1,
    "created_date": "2022-09-15",
    "modified_by": 0,
    "modified_date": ""
  },
  {
    "country_id": 190,
    "country_name": "South Sudan",
    "iso_country_code": "SS",
    "currency": "South Sudanese Pound",
    "currency_code": "SSP",
    "is_active": true,
    "created_by": 1,
    "created_date": "2022-09-15",
    "modified_by": 0,
    "modified_date": ""
  },
  {
    "country_id": 191,
    "country_name": "Spain",
    "iso_country_code": "ES",
    "currency": "Euro",
    "currency_code": "EUR",
    "is_active": true,
    "created_by": 1,
    "created_date": "2022-09-15",
    "modified_by": 0,
    "modified_date": ""
  },
  {
    "country_id": 192,
    "country_name": "Sri Lanka",
    "iso_country_code": "LK",
    "currency": "Sri Lanka Rupee",
    "currency_code": "LKR",
    "is_active": true,
    "created_by": 1,
    "created_date": "2022-09-15",
    "modified_by": 0,
    "modified_date": ""
  },
  {
    "country_id": 193,
    "country_name": "Sudan",
    "iso_country_code": "SD",
    "currency": "Sudanese Pound",
    "currency_code": "SDG",
    "is_active": true,
    "created_by": 1,
    "created_date": "2022-09-15",
    "modified_by": 0,
    "modified_date": ""
  },
  {
    "country_id": 194,
    "country_name": "Suriname",
    "iso_country_code": "SR",
    "currency": "Surinam Dollar",
    "currency_code": "SRD",
    "is_active": true,
    "created_by": 1,
    "created_date": "2022-09-15",
    "modified_by": 0,
    "modified_date": ""
  },
  {
    "country_id": 195,
    "country_name": "Svalbard and Jan Mayen",
    "iso_country_code": "SJ",
    "currency": "Norwegian Krone",
    "currency_code": "NOK",
    "is_active": true,
    "created_by": 1,
    "created_date": "2022-09-15",
    "modified_by": 0,
    "modified_date": ""
  },
  {
    "country_id": 196,
    "country_name": "Swaziland",
    "iso_country_code": "SZ",
    "currency": "Lilangeni",
    "currency_code": "SZL",
    "is_active": true,
    "created_by": 1,
    "created_date": "2022-09-15",
    "modified_by": 0,
    "modified_date": ""
  },
  {
    "country_id": 197,
    "country_name": "Sweden",
    "iso_country_code": "SE",
    "currency": "Swedish Krona",
    "currency_code": "SEK",
    "is_active": true,
    "created_by": 1,
    "created_date": "2022-09-15",
    "modified_by": 0,
    "modified_date": ""
  },
  {
    "country_id": 198,
    "country_name": "Switzerland",
    "iso_country_code": "CH",
    "currency": "Swiss Franc",
    "currency_code": "CHF",
    "is_active": true,
    "created_by": 1,
    "created_date": "2022-09-15",
    "modified_by": 0,
    "modified_date": ""
  },
  {
    "country_id": 199,
    "country_name": "Syrian Arab Republic",
    "iso_country_code": "SY",
    "currency": "Syrian Pound",
    "currency_code": "SYP",
    "is_active": true,
    "created_by": 1,
    "created_date": "2022-09-15",
    "modified_by": 0,
    "modified_date": ""
  },
  {
    "country_id": 200,
    "country_name": "Taiwan",
    "iso_country_code": "TW",
    "currency": "New Taiwan Dollar",
    "currency_code": "TWD",
    "is_active": true,
    "created_by": 1,
    "created_date": "2022-09-15",
    "modified_by": 0,
    "modified_date": ""
  },
  {
    "country_id": 201,
    "country_name": "Tajikistan",
    "iso_country_code": "TJ",
    "currency": "Somoni",
    "currency_code": "TJS",
    "is_active": true,
    "created_by": 1,
    "created_date": "2022-09-15",
    "modified_by": 0,
    "modified_date": ""
  },
  {
    "country_id": 202,
    "country_name": "Tanzania, United Republic Of",
    "iso_country_code": "TZ",
    "currency": "Tanzanian Shilling",
    "currency_code": "TZS",
    "is_active": true,
    "created_by": 1,
    "created_date": "2022-09-15",
    "modified_by": 0,
    "modified_date": ""
  },
  {
    "country_id": 203,
    "country_name": "Thailand",
    "iso_country_code": "TH",
    "currency": "Baht",
    "currency_code": "THB",
    "is_active": true,
    "created_by": 1,
    "created_date": "2022-09-15",
    "modified_by": 0,
    "modified_date": ""
  },
  {
    "country_id": 204,
    "country_name": "Timor-leste",
    "iso_country_code": "TL",
    "currency": "US Dollar",
    "currency_code": "USD",
    "is_active": true,
    "created_by": 1,
    "created_date": "2022-09-15",
    "modified_by": 0,
    "modified_date": ""
  },
  {
    "country_id": 205,
    "country_name": "Togo",
    "iso_country_code": "TG",
    "currency": "CFA Franc BCEAO",
    "currency_code": "XOF",
    "is_active": true,
    "created_by": 1,
    "created_date": "2022-09-15",
    "modified_by": 0,
    "modified_date": ""
  },
  {
    "country_id": 206,
    "country_name": "Tokelau",
    "iso_country_code": "TK",
    "currency": "New Zealand Dollar",
    "currency_code": "NZD",
    "is_active": true,
    "created_by": 1,
    "created_date": "2022-09-15",
    "modified_by": 0,
    "modified_date": ""
  },
  {
    "country_id": 207,
    "country_name": "Tonga",
    "iso_country_code": "TO",
    "currency": "Paanga",
    "currency_code": "TOP",
    "is_active": true,
    "created_by": 1,
    "created_date": "2022-09-15",
    "modified_by": 0,
    "modified_date": ""
  },
  {
    "country_id": 208,
    "country_name": "Trinidad and Tobago",
    "iso_country_code": "TT",
    "currency": "Trinidad and Tobago Dollar",
    "currency_code": "TTD",
    "is_active": true,
    "created_by": 1,
    "created_date": "2022-09-15",
    "modified_by": 0,
    "modified_date": ""
  },
  {
    "country_id": 209,
    "country_name": "Tunisia",
    "iso_country_code": "TN",
    "currency": "Tunisian Dinar",
    "currency_code": "TND",
    "is_active": true,
    "created_by": 1,
    "created_date": "2022-09-15",
    "modified_by": 0,
    "modified_date": ""
  },
  {
    "country_id": 210,
    "country_name": "Turkey",
    "iso_country_code": "TR",
    "currency": "Turkish Lira",
    "currency_code": "TRY",
    "is_active": true,
    "created_by": 1,
    "created_date": "2022-09-15",
    "modified_by": 0,
    "modified_date": ""
  },
  {
    "country_id": 211,
    "country_name": "Turkmenistan",
    "iso_country_code": "TM",
    "currency": "Turkmenistan New Manat",
    "currency_code": "TMT",
    "is_active": true,
    "created_by": 1,
    "created_date": "2022-09-15",
    "modified_by": 0,
    "modified_date": ""
  },
  {
    "country_id": 212,
    "country_name": "Turks and Caicos Islands",
    "iso_country_code": "TC",
    "currency": "US Dollar",
    "currency_code": "USD",
    "is_active": true,
    "created_by": 1,
    "created_date": "2022-09-15",
    "modified_by": 0,
    "modified_date": ""
  },
  {
    "country_id": 213,
    "country_name": "Tuvalu",
    "iso_country_code": "TV",
    "currency": "Australian Dollar",
    "currency_code": "AUD",
    "is_active": true,
    "created_by": 1,
    "created_date": "2022-09-15",
    "modified_by": 0,
    "modified_date": ""
  },
  {
    "country_id": 214,
    "country_name": "Uganda",
    "iso_country_code": "UG",
    "currency": "Uganda Shilling",
    "currency_code": "UGX",
    "is_active": true,
    "created_by": 1,
    "created_date": "2022-09-15",
    "modified_by": 0,
    "modified_date": ""
  },
  {
    "country_id": 215,
    "country_name": "Ukraine",
    "iso_country_code": "UA",
    "currency": "Hryvnia",
    "currency_code": "UAH",
    "is_active": true,
    "created_by": 1,
    "created_date": "2022-09-15",
    "modified_by": 0,
    "modified_date": ""
  },
  {
    "country_id": 216,
    "country_name": "United Arab Emirates",
    "iso_country_code": "AE",
    "currency": "UAE Dirham",
    "currency_code": "AED",
    "is_active": true,
    "created_by": 1,
    "created_date": "2022-09-15",
    "modified_by": 0,
    "modified_date": ""
  },
  {
    "country_id": 217,
    "country_name": "United Kingdom",
    "iso_country_code": "GB",
    "currency": "Pound Sterling",
    "currency_code": "GBP",
    "is_active": true,
    "created_by": 1,
    "created_date": "2022-09-15",
    "modified_by": 0,
    "modified_date": ""
  },
  {
    "country_id": 218,
    "country_name": "United States",
    "iso_country_code": "US",
    "currency": "US Dollar",
    "currency_code": "USD",
    "is_active": true,
    "created_by": 1,
    "created_date": "2022-09-15",
    "modified_by": 0,
    "modified_date": ""
  },
  {
    "country_id": 219,
    "country_name": "Uruguay",
    "iso_country_code": "UY",
    "currency": "Uruguayan Peso",
    "currency_code": "UYU",
    "is_active": true,
    "created_by": 1,
    "created_date": "2022-09-15",
    "modified_by": 0,
    "modified_date": ""
  },
  {
    "country_id": 220,
    "country_name": "Uzbekistan",
    "iso_country_code": "UZ",
    "currency": "Uzbekistan Sum",
    "currency_code": "UZS",
    "is_active": true,
    "created_by": 1,
    "created_date": "2022-09-15",
    "modified_by": 0,
    "modified_date": ""
  },
  {
    "country_id": 221,
    "country_name": "Vanuatu",
    "iso_country_code": "VU",
    "currency": "Vatu",
    "currency_code": "VUV",
    "is_active": true,
    "created_by": 1,
    "created_date": "2022-09-15",
    "modified_by": 0,
    "modified_date": ""
  },
  {
    "country_id": 222,
    "country_name": "Venezuela",
    "iso_country_code": "VE",
    "currency": "Bolivar",
    "currency_code": "VEF",
    "is_active": true,
    "created_by": 1,
    "created_date": "2022-09-15",
    "modified_by": 0,
    "modified_date": ""
  },
  {
    "country_id": 223,
    "country_name": "Viet Nam",
    "iso_country_code": "VN",
    "currency": "Dong",
    "currency_code": "VND",
    "is_active": true,
    "created_by": 1,
    "created_date": "2022-09-15",
    "modified_by": 0,
    "modified_date": ""
  },
  {
    "country_id": 224,
    "country_name": "Virgin Islands, British",
    "iso_country_code": "VG",
    "currency": "US Dollar",
    "currency_code": "USD",
    "is_active": true,
    "created_by": 1,
    "created_date": "2022-09-15",
    "modified_by": 0,
    "modified_date": ""
  },
  {
    "country_id": 225,
    "country_name": "Virgin Islands, US",
    "iso_country_code": "VI",
    "currency": "US Dollar",
    "currency_code": "USD",
    "is_active": true,
    "created_by": 1,
    "created_date": "2022-09-15",
    "modified_by": 0,
    "modified_date": ""
  },
  {
    "country_id": 226,
    "country_name": "Wallis and Futuna",
    "iso_country_code": "WF",
    "currency": "CFP Franc",
    "currency_code": "XPF",
    "is_active": true,
    "created_by": 1,
    "created_date": "2022-09-15",
    "modified_by": 0,
    "modified_date": ""
  },
  {
    "country_id": 227,
    "country_name": "Western Sahara",
    "iso_country_code": "EH",
    "currency": "Moroccan Dirham",
    "currency_code": "MAD",
    "is_active": true,
    "created_by": 1,
    "created_date": "2022-09-15",
    "modified_by": 0,
    "modified_date": ""
  },
  {
    "country_id": 228,
    "country_name": "Yemen",
    "iso_country_code": "YE",
    "currency": "Yemeni Rial",
    "currency_code": "YER",
    "is_active": true,
    "created_by": 1,
    "created_date": "2022-09-15",
    "modified_by": 0,
    "modified_date": ""
  },
  {
    "country_id": 229,
    "country_name": "Zambia",
    "iso_country_code": "ZM",
    "currency": "Zambian Kwacha",
    "currency_code": "ZMW",
    "is_active": true,
    "created_by": 1,
    "created_date": "2022-09-15",
    "modified_by": 0,
    "modified_date": ""
  },
  {
    "country_id": 230,
    "country_name": "Zimbabwe",
    "iso_country_code": "ZW",
    "currency": "Zimbabwe Dollar",
    "currency_code": "ZWL",
    "is_active": true,
    "created_by": 1,
    "created_date": "2022-09-15",
    "modified_by": 0,
    "modified_date": ""
  }
]